{"2024.02.14_22.00.10_Grinding_norm":{"status":"normal","proportion_anomalous":0.008771929824561403,"percentile":75.0,"neg_log_likelihoods":[-7.237553068872462,-7.274029345230914,-7.3483062704142865,-8.698635112913635,-8.564789618006106,-7.749096681812473,-8.477896449940829,-7.208393762779115,-8.488625738141636,-8.050351408464923,-6.670902421280136,-5.207223760542075,-8.728505728099314,-8.24956286361995,-8.410675394064224,-8.760016659130514,-8.133011619576259,-7.20718474395248,-8.08106964581867,-8.29046558824318,-7.1366693194596,-7.240894304599577,-7.752749487612321,-8.70205525995041,-7.8369896871283835,-7.931361106708348,-8.166299019631044,-8.385730349494127,-7.879768094179421,-8.346405040713408,-8.497308890887952,-8.583502903704757,-7.773332024005688,-8.728075466248356,-8.785662772701057,-4.442180820259098,-8.231160703455702,-8.271962472846589,-8.240602911789967,-8.180624647214126,-8.704956930522728,-7.697392932259341,-8.305747895230716,-8.275136732273998,-8.580014425290248,-7.324179553923946,-8.994046283194635,-8.723281315901486,-8.437376071595141,-9.760319595397313,-9.210071884072265,-9.153678263873095,-8.778610127142585,-9.667620559402353,-9.380458477867284,-10.18277965499233,-9.686050211906299,-9.530412051063442,-10.098238315912196,-8.994450191616918,-10.342150697939257,-10.28566247867198,-10.259274700827287,-8.956887649565115,-10.20580363155848,-10.50498196424078,-10.830404120062301,-10.096516068366672,-10.508893680619275,-10.865140395410597,-10.3439110125009,-10.838632195571847,-10.566642960993683,-10.673204440816875,-10.855516285926333,-10.644089850255577,-11.086755979799385,-10.022875659551037,-10.6948732210433,-10.017793073395886,-10.896748306709434,-10.337775242778804,-10.306235894812737,-9.84241700651705,-10.284864562776749,-10.052133764837631,-10.566250725591889,-10.748316751842868,-10.30065223787671,-9.777601767916064,-9.942982761129395,-10.75991352849643,-10.721238574073409,-9.736413726528365,-10.269065662736942,-10.229041698847015,-10.701396733314088,-9.788957924646992,-10.191857063632035,-9.758763227945732,-10.029859226259529,-9.98894002976754,-10.719713848073727,-10.206084391344936,-10.545368363142341,-9.702781871540411,-10.19798862633419,-10.527061245573645,-10.636595722327307,-9.77988506143916,-10.059570402721585,-10.588524959166222,-10.74171725885832,-11.097612609882972,-10.195459593460333,-10.358933896281659,-9.800359692741376,-9.663320491525951,-9.57481086384595,-9.263923709576552,-8.845567441078028,-9.493761983449176,-9.17205484569635,-10.155201895807988,-11.067961229256927,-9.781161958658021,-8.337944928969259,-9.428337269437431,-10.198747488642777,-8.969959457113402,-9.892761676261854,-10.057086193712323,-9.051341694432738,-10.643794597731716,-8.570263804559907,-11.080196750881676,-10.111589668684188,-10.941437262396448,-8.862324867420377,-9.000264596554642,-9.48072017202344,-11.056766956901509,-11.018113306943738,-11.038340643165169,-9.597028171662572,-9.65188773276437,-9.209580868108054,-10.905757465425417,-11.089539129372179,-10.962320946717771,-11.083542437254673,-11.059636508624392,-10.972742715688074,-9.532669390981747,-11.017887555334895,-8.139285128543442,-6.590123047501859,-6.03881863811506,-10.993281213041943,-9.203088674837556,-9.18470272583814,-6.348226261433455,-7.468646127590796,-2.4910746504426697,-2.5527253999137773,3.121641635943398,-2.597130655700573,6.741646048697056,1.3494657819214027,-2.983910916881685,-7.314517619354609,3.1060417157859206,-2.7187546210051927,-5.156685321357347,-0.2158866907824457,5.4069712786629935,0.16297438235482886,2.6661970368311287,0.9962099370075883,-0.004940108578985303,0.5779063514938336,2.8670671605104516,-6.124554616933816,-3.3749619244296696,-4.06887757500354,-1.978791026612578,1.048125141396639,0.6708649398811257,1.5997371552301374,0.038820606986449846,1.4807553054666407,4.288959430480226,-0.45384824848444616,-0.32801066033166926,-3.5218658705572707,-1.7725160812205374,-4.425991392755577,-8.664171441940127,-1.565290639925017,-0.3221160217826977,0.2362698400117189,-0.3576910856081579,0.519342775974275,0.08360573195794707,-1.0514217462030206,-0.0953662563310047,-4.467642318449011,-4.824990160481363,-6.181118431249139,-6.810579974556367,0.517707400052215,-2.188512437352374,2.4021711456439547,-0.3791670243341194,-2.145686251486067,-3.3566925375504795,11.086280282310618,-11.092356771288012,-10.961011075039586,-8.23521019994853,-8.405869113984393,-11.044449471528047,-2.4630693156302623,-6.13727305426465,1.2972481912333933,1.8687729472568648,0.7117749299651912,-5.98895720833173,3.3764411282875315,-4.386295597190202,-7.6048566791549455,-9.116106163298364,-10.578874938354085,-10.159928161722847,-10.35455092742484,-10.4265537696883,-9.251199664385588,-9.663621974448693,-9.758856012698965,-9.644656793016344,-9.355055588290885,-9.753700524537619,-10.506826179549279,-10.882789183943192,-10.725390573190204,-9.611668631391463,-10.589622156068552,-10.752623103932049,-10.731724464305586,-10.84544212489539,-10.659465786917004,-10.69736686386475,-9.550371590404849,-9.955550676101195,-11.033320949305853,-10.647293727981097,-9.14798648043202,-10.249229027498671,-10.303868728646837,-10.498048476912274,-11.00988381312646,-10.739605605910242,-10.54920615545781,-10.369909382368824,-9.029939930786632,-10.983763278114793,-10.873974411994272,-9.261233375623723,-10.459955613029544,-9.747689902653931,-10.442833003775874,-7.923646968895966,-10.893125484804589,-11.169791221804484,-11.116289161895338,-11.075243314631052,-9.580279281549483,-10.734298917289836,-11.068994803118002,-10.74644364585954,-10.545415360941938,-9.2612863642409,-10.22540093207558,-10.043907640148682,-10.59560513764584,-9.449317763765361,-10.61914126095905,-10.280748016617368,-10.691707082515196,-10.24857794452008,-8.92340388089864,-9.568382510870034,-9.336603222607845,-7.442765467154745,-8.785837642991574,-7.828095907228802,-7.784875095223853,-7.078767898685971,-8.53618921224299,-5.571217848626263,-8.472426443281908,-8.13141068893579,-8.874650660579977,-7.427479340251676,-8.137450544383817,-7.690780457331247,-8.167477090416494,-8.764115355216443,-8.431316560174295,-8.694161207027062,-8.021578232110002,-9.03449220234082,-8.347387599087307,-9.093113732570353,-8.436875967840361,-9.39917312943466,-11.010869745661193,-8.70489646310194,-8.355920032278888,-7.011655820988514,-9.644617115411723,-10.288909970083145,-10.190547579129813,-10.223161296442802,-9.010167645366558,-8.489637912378573,-5.397992769492538,-10.124707104169813,-8.45996428457169,-10.319656442267725,-7.381852894829022,-10.312986655475147,-10.124707104169813,-10.265650055015968,-10.124707104169813,-10.124707104169813,-10.172902585282333,-10.124707104169813,-10.313989658215114,-8.891391429687522,-7.065501038337514,-10.30213430453986,-10.780113468196928,-11.099782885906892,-10.704418415715992,-10.614763602050754,-10.114901039530132,-11.064029760666799,-8.293824725774138,-8.760880208671312,-10.44000191247958,-9.92958907045053,-10.994838142252133,-10.030872313511763,-11.090283099371215,-10.673204813093417,-10.566106635157347,-10.357537432163806,-9.331774669584401,-8.6667579091906,-7.859619399109711,-8.418000758780622,-9.499579974057903,-10.347938998797053,-10.88755414354521,-10.138141496792338,-10.33325831746571,-10.407437268880313,-10.36453662565719,-9.696115752526504,-10.048283220155312,-10.244823073293006,-10.11019173511381,-10.089687416673861,-10.374217619849299,-9.963560393073962,-10.812532865786451,-10.763140265353211,-10.149894008934279,-9.37852074201327,-10.548032089018081,-9.124977721824969,-9.696464271551589,-10.735343030154306,-10.467009752521298,-10.232611361107027,-10.345728871343777,-9.898420776048823,-10.339104951577397,-10.334963105853557,-10.71671701244983,-9.690034176995974,-9.691716952523462,-10.843440027035491,-8.873782732454679,-9.631295014917907,-10.363619065532644,-10.940073868896299,-11.110968896955347,-10.561978246644287,-9.898712824908792,-10.467908549426479,-10.041159203524915,-9.307404474179322,-10.736323882963518,-10.506870951061778,